PPI,viral,host,class
P9WIR7~Q7L591,P9WIR7,Q7L591,Positive
P9WIR7~Q96AE4,P9WIR7,Q96AE4,Positive
P9WIR7~P23246,P9WIR7,P23246,Positive
P9WIR7~Q15233,P9WIR7,Q15233,Positive
P9WIR7~Q15437,P9WIR7,Q15437,Positive
P9WIR7~Q9H3S7,P9WIR7,Q9H3S7,Positive
P9WIR7~O94855,P9WIR7,O94855,Positive
P9WIR7~Q15436,P9WIR7,Q15436,Positive
P9WIR7~Q92945,P9WIR7,Q92945,Positive
P9WIR7~Q15654,P9WIR7,Q15654,Positive
P9WIR7~P50570,P9WIR7,P50570,Positive
P9WIR7~Q16630,P9WIR7,Q16630,Positive
P9WIR7~P50552,P9WIR7,P50552,Positive
P9WIR7~P22234,P9WIR7,P22234,Positive
P9WIR7~O94979,P9WIR7,O94979,Positive
P9WIR7~O43809,P9WIR7,O43809,Positive
P9WIR7~Q9NTZ6,P9WIR7,Q9NTZ6,Positive
P9WIR7~P55735,P9WIR7,P55735,Positive
P9WIR7~Q8WUM4,P9WIR7,Q8WUM4,Positive
P9WIR7~Q96I24,P9WIR7,Q96I24,Positive
P9WIR7~Q6P2E9,P9WIR7,Q6P2E9,Positive
P9WIR7~Q96M27,P9WIR7,Q96M27,Positive
P9WIR7~Q9UI08,P9WIR7,Q9UI08,Positive
P9WIR7~P52272,P9WIR7,P52272,Positive
P9WIR7~P68371,P9WIR7,P68371,Positive
P9WIR7~P04350,P9WIR7,P04350,Positive
P9WIR7~P07437,P9WIR7,P07437,Positive
P9WIR7~O15027,P9WIR7,O15027,Positive
P9WIR7~O75340,P9WIR7,O75340,Positive
P9WIR7~O95487,P9WIR7,O95487,Positive
P9WIR7~P40424,P9WIR7,P40424,Positive
P9WIR7~P43243,P9WIR7,P43243,Positive
P9WIR7~Q08117,P9WIR7,Q08117,Positive
P9WIR7~Q14376,P9WIR7,Q14376,Positive
P9WIR7~Q53ET0,P9WIR7,Q53ET0,Positive
P9WIR7~Q8NCA5,P9WIR7,Q8NCA5,Positive
P9WIR7~Q8NF64,P9WIR7,Q8NF64,Positive
P9WIR7~Q8NFD5,P9WIR7,Q8NFD5,Positive
P9WIR7~Q8WXF1,P9WIR7,Q8WXF1,Positive
P9WIR7~Q92835,P9WIR7,Q92835,Positive
P9WIR7~Q96RK1,P9WIR7,Q96RK1,Positive
P9WIR7~Q9H7E9,P9WIR7,Q9H7E9,Positive
P9WIR7~Q9NXR5,P9WIR7,Q9NXR5,Positive
P9WIR7~Q9UPW0,P9WIR7,Q9UPW0,Positive
P9WIR7~Q9Y6Y8,P9WIR7,Q9Y6Y8,Positive
P9WIR1~O00410,P9WIR1,O00410,Positive
P9WIR1~P13284,P9WIR1,P13284,Positive
P9WIR1~P26373,P9WIR1,P26373,Positive
P9WIR1~Q9Y230,P9WIR1,Q9Y230,Positive
P9WIR1~P68366,P9WIR1,P68366,Positive
P9WIR1~P31689,P9WIR1,P31689,Positive
P9WIR1~P08107,P9WIR1,P08107,Positive
P9WIR1~Q71U36,P9WIR1,Q71U36,Positive
P9WIR1~Q13748,P9WIR1,Q13748,Positive
P9WIR1~P54652,P9WIR1,P54652,Positive
P9WIR1~P17066,P9WIR1,P17066,Positive
P9WIR1~P68363,P9WIR1,P68363,Positive
P9WIR1~Q6PEY2,P9WIR1,Q6PEY2,Positive
P9WIR1~Q13509,P9WIR1,Q13509,Positive
P9WIR1~Q9Y4L1,P9WIR1,Q9Y4L1,Positive
O06347~Q147U7,O06347,Q147U7,Positive
O06347~Q13263,O06347,Q13263,Positive
O06347~P11142,O06347,P11142,Positive
P9WP41~P62249,P9WP41,P62249,Positive
P9WP41~O60884,P9WP41,O60884,Positive
P9WP41~Q13509,P9WP41,Q13509,Positive
P9WP41~P23396,P9WP41,P23396,Positive
P9WP41~Q9BVA1,P9WP41,Q9BVA1,Positive
P9WP41~Q13885,P9WP41,Q13885,Positive
P9WP41~Q13748,P9WP41,Q13748,Positive
P9WP41~Q71U36,P9WP41,Q71U36,Positive
P9WP41~Q6PEY2,P9WP41,Q6PEY2,Positive
P9WP41~P34931,P9WP41,P34931,Positive
P9WP41~Q9BQE3,P9WP41,Q9BQE3,Positive
P9WP41~P11142,P9WP41,P11142,Positive
P9WP41~P68371,P9WP41,P68371,Positive
P9WP41~P04350,P9WP41,P04350,Positive
P9WP41~P07437,P9WP41,P07437,Positive
P9WP41~P68363,P9WP41,P68363,Positive
P9WP41~P07858,P9WP41,P07858,Positive
P9WP41~Q3ZCM7,P9WP41,Q3ZCM7,Positive
P9WP41~Q9NY65,P9WP41,Q9NY65,Positive
P9WP41~O14579,P9WP41,O14579,Positive
P9WP41~Q71UM5,P9WP41,Q71UM5,Positive
P9WP41~Q9Y282,P9WP41,Q9Y282,Positive
P9WJD9~Q99567,P9WJD9,Q99567,Positive
P9WJD9~Q96EP5,P9WJD9,Q96EP5,Positive
P9WJD9~Q9BYJ9,P9WJD9,Q9BYJ9,Positive
P9WJD9~Q9BUJ2,P9WJD9,Q9BUJ2,Positive
P9WJD9~P35658,P9WJD9,P35658,Positive
P9WJD9~Q8N684,P9WJD9,Q8N684,Positive
P9WJD9~P52434,P9WJD9,P52434,Positive
P9WJD9~O15234,P9WJD9,O15234,Positive
P9WJD9~O60832,P9WJD9,O60832,Positive
P9WJD9~O95429,P9WJD9,O95429,Positive
P9WJD9~P0CAP2,P9WJD9,P0CAP2,Positive
P9WJD9~P24928,P9WJD9,P24928,Positive
P9WJD9~P30876,P9WJD9,P30876,Positive
P9WJD9~P49750,P9WJD9,P49750,Positive
P9WJD9~Q15032,P9WJD9,Q15032,Positive
P9WJD9~Q8N163,P9WJD9,Q8N163,Positive
P9WJD9~Q96HR8,P9WJD9,Q96HR8,Positive
P9WJD9~Q9H0D6,P9WJD9,Q9H0D6,Positive
P9WJD9~Q9H7S9,P9WJD9,Q9H7S9,Positive
P9WJD9~Q9NPE3,P9WJD9,Q9NPE3,Positive
P9WJD9~Q9NX24,P9WJD9,Q9NX24,Positive
P9WJD7~P50336,P9WJD7,P50336,Positive
P9WJD7~Q9NY65,P9WJD7,Q9NY65,Positive
P9WJD7~P04350,P9WJD7,P04350,Positive
P9WJD7~P68371,P9WJD7,P68371,Positive
P9WJD7~P07437,P9WJD7,P07437,Positive
P9WJD7~P34931,P9WJD7,P34931,Positive
P9WJD7~Q71U36,P9WJD7,Q71U36,Positive
P9WJD7~Q9BQE3,P9WJD7,Q9BQE3,Positive
P9WJD7~P04844,P9WJD7,P04844,Positive
P9WJB7~Q9UKB1,P9WJB7,Q9UKB1,Positive
P9WJB7~P13010,P9WJB7,P13010,Positive
P9WJB7~P12956,P9WJB7,P12956,Positive
P9WJB7~P84243,P9WJB7,P84243,Positive
P9WJB7~Q71DI3,P9WJB7,Q71DI3,Positive
P9WJB7~O60814,P9WJB7,O60814,Positive
P9WNJ7~O14782,P9WNJ7,O14782,Positive
P9WNJ7~P04350,P9WNJ7,P04350,Positive
P9WNJ7~P68371,P9WNJ7,P68371,Positive
P9WNJ7~P12814,P9WNJ7,P12814,Positive
P9WNJ7~P07437,P9WNJ7,P07437,Positive
P9WNJ7~P68363,P9WNJ7,P68363,Positive
P9WNJ7~Q9UQ80,P9WNJ7,Q9UQ80,Positive
P9WNJ5~P62854,P9WNJ5,P62854,Positive
P9WNJ5~P55160,P9WNJ5,P55160,Positive
P9WNJ5~Q9Y6W5,P9WNJ5,Q9Y6W5,Positive
P9WNJ5~Q9BUT9,P9WNJ5,Q9BUT9,Positive
P9WNJ5~Q8IZP0,P9WNJ5,Q8IZP0,Positive
P9WNJ5~P68104,P9WNJ5,P68104,Positive
P9WNJ5~P68366,P9WNJ5,P68366,Positive
P9WNJ5~Q8WWM7,P9WNJ5,Q8WWM7,Positive
P9WNJ5~P62269,P9WNJ5,P62269,Positive
P9WNJ5~P11142,P9WNJ5,P11142,Positive
P9WNJ5~O95977,P9WNJ5,O95977,Positive
P9WNJ5~P31942,P9WNJ5,P31942,Positive
P9WNJ3~P07858,P9WNJ3,P07858,Positive
P9WNJ3~Q8WWM7,P9WNJ3,Q8WWM7,Positive
P9WNJ3~Q6PEY2,P9WNJ3,Q6PEY2,Positive
P9WNJ3~P34931,P9WNJ3,P34931,Positive
P9WNJ3~Q9NY65,P9WNJ3,Q9NY65,Positive
P9WNJ3~Q9BVA1,P9WNJ3,Q9BVA1,Positive
P9WNJ3~Q13748,P9WNJ3,Q13748,Positive
P9WNJ3~Q13885,P9WNJ3,Q13885,Positive
P9WNJ3~Q3ZCM7,P9WNJ3,Q3ZCM7,Positive
P9WNJ3~O75533,P9WNJ3,O75533,Positive
P9WNJ3~Q9UJU6,P9WNJ3,Q9UJU6,Positive
P9WNJ3~Q9Y2X9,P9WNJ3,Q9Y2X9,Positive
P9WNI5~Q9BQE3,P9WNI5,Q9BQE3,Positive
P9WNI5~P68371,P9WNI5,P68371,Positive
P9WNI5~P68363,P9WNI5,P68363,Positive
P9WNI5~P04350,P9WNI5,P04350,Positive
P9WNI5~P07437,P9WNI5,P07437,Positive
P9WNJ1~Q9H773,P9WNJ1,Q9H773,Positive
P9WNJ1~Q86Y56,P9WNJ1,Q86Y56,Positive
P9WNJ1~Q92616,P9WNJ1,Q92616,Positive
P9WNJ1~Q9H3P7,P9WNJ1,Q9H3P7,Positive
P9WNJ1~P27824,P9WNJ1,P27824,Positive
P9WNJ1~P61204,P9WNJ1,P61204,Positive
P9WNJ1~P55060,P9WNJ1,P55060,Positive
P9WNJ1~Q9BXW9,P9WNJ1,Q9BXW9,Positive
P9WNJ1~P68366,P9WNJ1,P68366,Positive
P9WNJ1~P31689,P9WNJ1,P31689,Positive
P9WNJ1~Q9BUF5,P9WNJ1,Q9BUF5,Positive
P9WNJ1~Q13509,P9WNJ1,Q13509,Positive
P9WNJ1~P05107,P9WNJ1,P05107,Positive
P9WNJ1~O60884,P9WNJ1,O60884,Positive
P9WNJ1~P07858,P9WNJ1,P07858,Positive
P9WNJ1~Q9BVA1,P9WNJ1,Q9BVA1,Positive
P9WNJ1~Q9NY65,P9WNJ1,Q9NY65,Positive
P9WNJ1~Q13885,P9WNJ1,Q13885,Positive
P9WNJ1~Q13748,P9WNJ1,Q13748,Positive
P9WNJ1~P23396,P9WNJ1,P23396,Positive
P9WNJ1~Q6PEY2,P9WNJ1,Q6PEY2,Positive
P9WNJ1~P04350,P9WNJ1,P04350,Positive
P9WNJ1~P68371,P9WNJ1,P68371,Positive
P9WNJ1~P07437,P9WNJ1,P07437,Positive
P9WNJ1~Q71U36,P9WNJ1,Q71U36,Positive
P9WNJ1~P11142,P9WNJ1,P11142,Positive
P9WNJ1~O15269,P9WNJ1,O15269,Positive
P9WNJ1~O43175,P9WNJ1,O43175,Positive
P9WNJ1~O94829,P9WNJ1,O94829,Positive
P9WNJ1~P12235,P9WNJ1,P12235,Positive
P9WNJ1~P50402,P9WNJ1,P50402,Positive
P9WNJ1~P61769,P9WNJ1,P61769,Positive
P9WNJ1~Q14534,P9WNJ1,Q14534,Positive
P9WNJ1~Q5VYK3,P9WNJ1,Q5VYK3,Positive
P9WNJ1~Q6ZS81,P9WNJ1,Q6ZS81,Positive
P9WNJ1~Q92504,P9WNJ1,Q92504,Positive
P9WNJ1~Q969P6,P9WNJ1,Q969P6,Positive
P9WNJ1~Q96ER3,P9WNJ1,Q96ER3,Positive
P9WNJ1~Q9H078,P9WNJ1,Q9H078,Positive
P9WNJ1~Q9H583,P9WNJ1,Q9H583,Positive
P9WNJ1~Q9NU22,P9WNJ1,Q9NU22,Positive
P9WNJ1~Q9UI12,P9WNJ1,Q9UI12,Positive
P0DOA7~Q15459,P0DOA7,Q15459,Positive
P0DOA7~P55160,P0DOA7,P55160,Positive
P0DOA7~P68366,P0DOA7,P68366,Positive
P0DOA7~P62269,P0DOA7,P62269,Positive
P0DOA7~P23396,P0DOA7,P23396,Positive
P0DOA7~Q3ZCM7,P0DOA7,Q3ZCM7,Positive
P0DOA7~Q13509,P0DOA7,Q13509,Positive
P0DOA7~P68104,P0DOA7,P68104,Positive
P0DOA7~Q6PEY2,P0DOA7,Q6PEY2,Positive
P0DOA7~Q9BVA1,P0DOA7,Q9BVA1,Positive
P0DOA7~Q13885,P0DOA7,Q13885,Positive
P0DOA7~Q8WWM7,P0DOA7,Q8WWM7,Positive
P0DOA7~P60709,P0DOA7,P60709,Positive
P0DOA7~P27635,P0DOA7,P27635,Positive
P0DOA7~P12814,P0DOA7,P12814,Positive
P0DOA7~Q9NY65,P0DOA7,Q9NY65,Positive
P0DOA7~P68371,P0DOA7,P68371,Positive
P0DOA7~P07437,P0DOA7,P07437,Positive
P0DOA7~Q13748,P0DOA7,Q13748,Positive
P0DOA7~P11142,P0DOA7,P11142,Positive
P0DOA7~Q71U36,P0DOA7,Q71U36,Positive
P0DOA7~P42677,P0DOA7,P42677,Positive
P0DOA7~P10809,P0DOA7,P10809,Positive
P0DOA7~P04792,P0DOA7,P04792,Positive
P0DOA7~P11498,P0DOA7,P11498,Positive
P0DOA7~P28062,P0DOA7,P28062,Positive
P0DOA7~P62841,P0DOA7,P62841,Positive
P9WQP3~P10809,P9WQP3,P10809,Positive
P9WQP3~P54652,P9WQP3,P54652,Positive
P9WQP3~Q8IZP0,P9WQP3,Q8IZP0,Positive
P9WQP3~Q9NY65,P9WQP3,Q9NY65,Positive
P9WQP3~Q13748,P9WQP3,Q13748,Positive
P9WQP3~Q9BQE3,P9WQP3,Q9BQE3,Positive
P9WQP3~Q71U36,P9WQP3,Q71U36,Positive
P9WQP3~Q6PEY2,P9WQP3,Q6PEY2,Positive
P9WQP3~P04350,P9WQP3,P04350,Positive
P9WQP3~P68363,P9WQP3,P68363,Positive
P9WQP3~P68371,P9WQP3,P68371,Positive
P9WQP3~P07437,P9WQP3,P07437,Positive
P9WQP1~P10809,P9WQP1,P10809,Positive
P9WQP1~P11498,P9WQP1,P11498,Positive
P9WQP1~A6NL28,P9WQP1,A6NL28,Positive
P9WQP1~Q66PJ3,P9WQP1,Q66PJ3,Positive
P9WK63~P23284,P9WK63,P23284,Positive
P9WK61~Q16643,P9WK61,Q16643,Positive
P9WK61~Q9H0X9,P9WK61,Q9H0X9,Positive
L7N6B0~P25705,L7N6B0,P25705,Positive
L7N6B0~Q13509,L7N6B0,Q13509,Positive
L7N6B0~Q9BVA1,L7N6B0,Q9BVA1,Positive
L7N6B0~Q13885,L7N6B0,Q13885,Positive
L7N6B0~Q13748,L7N6B0,Q13748,Positive
L7N6B0~P68371,L7N6B0,P68371,Positive
L7N6B0~P04350,L7N6B0,P04350,Positive
L7N6B0~Q6PEY2,L7N6B0,Q6PEY2,Positive
L7N6B0~Q71U36,L7N6B0,Q71U36,Positive
L7N6B0~P07437,L7N6B0,P07437,Positive
L7N6B0~P11498,L7N6B0,P11498,Positive
L7N6B0~P68363,L7N6B0,P68363,Positive
L7N6B0~O43237,L7N6B0,O43237,Positive
L7N6B0~P49327,L7N6B0,P49327,Positive
L7N6B0~Q8NBN7,L7N6B0,Q8NBN7,Positive
L7N6B0~Q96DT6,L7N6B0,Q96DT6,Positive
P96264~Q9BUF5,P96264,Q9BUF5,Positive
P96264~P25705,P96264,P25705,Positive
P96264~Q13509,P96264,Q13509,Positive
P96264~P62829,P96264,P62829,Positive
P96264~Q13748,P96264,Q13748,Positive
P96264~P48741,P96264,P48741,Positive
P96264~Q9BQE3,P96264,Q9BQE3,Positive
P96264~Q71U36,P96264,Q71U36,Positive
P96264~Q3ZCM7,P96264,Q3ZCM7,Positive
P96264~Q9BVA1,P96264,Q9BVA1,Positive
P96264~Q13885,P96264,Q13885,Positive
P96264~Q99867,P96264,Q99867,Positive
P96264~P17066,P96264,P17066,Positive
P96264~P04350,P96264,P04350,Positive
P96264~P68371,P96264,P68371,Positive
P96264~P68363,P96264,P68363,Positive
P96264~Q6PEY2,P96264,Q6PEY2,Positive
P96264~P07437,P96264,P07437,Positive
P96264~A8K2U0,P96264,A8K2U0,Positive
P96264~O00165,P96264,O00165,Positive
P96264~Q9H3G5,P96264,Q9H3G5,Positive
O53780~Q9UKV8,O53780,Q9UKV8,Positive
O53780~Q6Y7W6,O53780,Q6Y7W6,Positive
O53780~Q9H9C1,O53780,Q9H9C1,Positive
O53780~Q8NBJ5,O53780,Q8NBJ5,Positive
O53780~Q9UPQ9,O53780,Q9UPQ9,Positive
O53780~Q7Z7F0,O53780,Q7Z7F0,Positive
O53780~Q9H267,O53780,Q9H267,Positive
O53780~O60568,O53780,O60568,Positive
O53780~Q9NXV2,O53780,Q9NXV2,Positive
O53780~O95466,O53780,O95466,Positive
O53780~P11586,O53780,P11586,Positive
O53780~Q96HE7,O53780,Q96HE7,Positive
O53780~Q7Z739,O53780,Q7Z739,Positive
O53780~Q15637,O53780,Q15637,Positive
O53780~A6NJG2,O53780,A6NJG2,Positive
O53780~Q6P3W7,O53780,Q6P3W7,Positive
O53780~Q92499,O53780,Q92499,Positive
O53780~O60879,O53780,O60879,Positive
O53780~Q9Y224,O53780,Q9Y224,Positive
O53780~P22681,O53780,P22681,Positive
O53780~Q9Y3I0,O53780,Q9Y3I0,Positive
O53780~Q99613,O53780,Q99613,Positive
O53780~Q13148,O53780,Q13148,Positive
O53780~O60573,O53780,O60573,Positive
O53780~Q99733,O53780,Q99733,Positive
O53780~Q32MZ4,O53780,Q32MZ4,Positive
O53780~Q14152,O53780,Q14152,Positive
O53780~Q13045,O53780,Q13045,Positive
O53780~P55209,O53780,P55209,Positive
O53780~P55884,O53780,P55884,Positive
O53780~P25705,O53780,P25705,Positive
O53780~P11498,O53780,P11498,Positive
O53780~O15371,O53780,O15371,Positive
O53780~O15372,O53780,O15372,Positive
O53780~P21291,O53780,P21291,Positive
O53780~P60228,O53780,P60228,Positive
O53780~Q10570,O53780,Q10570,Positive
O53780~Q13283,O53780,Q13283,Positive
O53780~Q14693,O53780,Q14693,Positive
O53780~Q15643,O53780,Q15643,Positive
O53780~Q16539,O53780,Q16539,Positive
O53780~Q4VCS5,O53780,Q4VCS5,Positive
O53780~Q7L2H7,O53780,Q7L2H7,Positive
O53780~Q7Z3B4,O53780,Q7Z3B4,Positive
O53780~Q8N0X7,O53780,Q8N0X7,Positive
O53780~Q8NCW5,O53780,Q8NCW5,Positive
O53780~Q9BVL2,O53780,Q9BVL2,Positive
O53780~Q9H9G7,O53780,Q9H9G7,Positive
O53780~Q9HAN9,O53780,Q9HAN9,Positive
O53780~Q9UBQ5,O53780,Q9UBQ5,Positive
O53846~P62158,O53846,P62158,Positive
O53846~O60884,O53846,O60884,Positive
O53846~Q13885,O53846,Q13885,Positive
O53846~Q9BVA1,O53846,Q9BVA1,Positive
O53846~Q9BQE3,O53846,Q9BQE3,Positive
O53846~Q71U36,O53846,Q71U36,Positive
O53846~Q13748,O53846,Q13748,Positive
O53846~Q13263,O53846,Q13263,Positive
O53846~Q6PEY2,O53846,Q6PEY2,Positive
O53846~Q9NY65,O53846,Q9NY65,Positive
O53846~P68363,O53846,P68363,Positive
O53846~P68371,O53846,P68371,Positive
O53846~Q3ZCM7,O53846,Q3ZCM7,Positive
O53846~P07437,O53846,P07437,Positive
O53846~P04350,O53846,P04350,Positive
O53846~P41250,O53846,P41250,Positive
O53850~Q16543,O53850,Q16543,Positive
O53850~P07900,O53850,P07900,Positive
O53850~P08238,O53850,P08238,Positive
O53850~Q92598,O53850,Q92598,Positive
O53850~Q9H4B7,O53850,Q9H4B7,Positive
O53850~Q3ZCM7,O53850,Q3ZCM7,Positive
O53850~Q99867,O53850,Q99867,Positive
O53850~Q13509,O53850,Q13509,Positive
O53850~Q9BVA1,O53850,Q9BVA1,Positive
O53850~P04350,O53850,P04350,Positive
O53850~Q13885,O53850,Q13885,Positive
O53850~P68371,O53850,P68371,Positive
O53850~P07437,O53850,P07437,Positive
O53850~Q9BQE3,O53850,Q9BQE3,Positive
O53850~P60709,O53850,P60709,Positive
O53850~P62829,O53850,P62829,Positive
O53850~Q58FG0,O53850,Q58FG0,Positive
O53850~Q7KZF4,O53850,Q7KZF4,Positive
P9WGU7~Q8N290,P9WGU7,Q8N290,Positive
P9WGU7~P13674,P9WGU7,P13674,Positive
P9WGU7~Q13509,P9WGU7,Q13509,Positive
P9WGU7~Q9BVA1,P9WGU7,Q9BVA1,Positive
P9WGU7~Q9NY65,P9WGU7,Q9NY65,Positive
P9WGU7~Q13885,P9WGU7,Q13885,Positive
P9WGU7~Q13748,P9WGU7,Q13748,Positive
P9WGU7~Q3ZCM7,P9WGU7,Q3ZCM7,Positive
P9WGU7~P04350,P9WGU7,P04350,Positive
P9WGU7~Q99867,P9WGU7,Q99867,Positive
P9WGU7~Q71U36,P9WGU7,Q71U36,Positive
P9WGU7~P68371,P9WGU7,P68371,Positive
P9WGU7~Q6PEY2,P9WGU7,Q6PEY2,Positive
P9WGU7~P07437,P9WGU7,P07437,Positive
P9WGU7~Q9BQE3,P9WGU7,Q9BQE3,Positive
P9WGU7~P68363,P9WGU7,P68363,Positive
P9WGU7~P34931,P9WGU7,P34931,Positive
P9WGU7~P11142,P9WGU7,P11142,Positive
P9WGU7~P11498,P9WGU7,P11498,Positive
P9WGU7~O75182,P9WGU7,O75182,Positive
O07417~P62249,O07417,P62249,Positive
O07417~Q6PEY2,O07417,Q6PEY2,Positive
O07417~Q13748,O07417,Q13748,Positive
O07417~Q71U36,O07417,Q71U36,Positive
O07417~P68363,O07417,P68363,Positive
O07417~P04350,O07417,P04350,Positive
O07417~Q9BVA1,O07417,Q9BVA1,Positive
O07417~Q13885,O07417,Q13885,Positive
O07414~Q9BUF5,O07414,Q9BUF5,Positive
O07414~P27708,O07414,P27708,Positive
O07414~P60709,O07414,P60709,Positive
O07414~P68371,O07414,P68371,Positive
O07414~O60812,O07414,O60812,Positive
O07414~P02765,O07414,P02765,Positive
O07414~P60008,O07414,P60008,Positive
O07414~P62195,O07414,P62195,Positive
O07414~Q58FF7,O07414,Q58FF7,Positive
O07414~Q6UWF7,O07414,Q6UWF7,Positive
O07414~Q6ZN18,O07414,Q6ZN18,Positive
O07416~Q9BVA1,O07416,Q9BVA1,Positive
O07416~Q13885,O07416,Q13885,Positive
O07416~P23396,O07416,P23396,Positive
O07416~P04350,O07416,P04350,Positive
O07416~P68371,O07416,P68371,Positive
O07416~P07437,O07416,P07437,Positive
O07416~P68363,O07416,P68363,Positive
O07416~Q02978,O07416,Q02978,Positive
O07416~Q03405,O07416,Q03405,Positive
L0T2W6~P25705,L0T2W6,P25705,Positive
L0T2W6~P12814,L0T2W6,P12814,Positive
L0T2W6~P68104,L0T2W6,P68104,Positive
L0T2W6~Q71U36,L0T2W6,Q71U36,Positive
L0T2W6~Q9NY65,L0T2W6,Q9NY65,Positive
L0T2W6~Q9BQE3,L0T2W6,Q9BQE3,Positive
L0T2W6~Q5SSJ5,L0T2W6,Q5SSJ5,Positive
P9WQN7~P68363,P9WQN7,P68363,Positive
P9WQN7~P68371,P9WQN7,P68371,Positive
P9WQN7~P07437,P9WQN7,P07437,Positive
P9WG65~P61604,P9WG65,P61604,Positive
P9WG65~Q12899,P9WG65,Q12899,Positive
P9WIP1~P21817,P9WIP1,P21817,Positive
P9WIP1~Q7Z602,P9WIP1,Q7Z602,Positive
P9WNF5~Q13885,P9WNF5,Q13885,Positive
P9WNF5~Q9BVA1,P9WNF5,Q9BVA1,Positive
P9WNF5~P42677,P9WNF5,P42677,Positive
P9WNF5~Q9NY65,P9WNF5,Q9NY65,Positive
P9WNF5~Q13748,P9WNF5,Q13748,Positive
P9WNF5~Q9BQE3,P9WNF5,Q9BQE3,Positive
P9WNF5~P17066,P9WNF5,P17066,Positive
P9WNF5~P68371,P9WNF5,P68371,Positive
P9WNF5~Q71U36,P9WNF5,Q71U36,Positive
P9WNF5~P07437,P9WNF5,P07437,Positive
P9WNF5~P04350,P9WNF5,P04350,Positive
P9WNF5~P11142,P9WNF5,P11142,Positive
P9WNF5~Q6PEY2,P9WNF5,Q6PEY2,Positive
P9WNF5~P68363,P9WNF5,P68363,Positive
P9WNF5~O43252,P9WNF5,O43252,Positive
P9WNF5~P10599,P9WNF5,P10599,Positive
P9WNF5~P32119,P9WNF5,P32119,Positive
P9WNF5~Q86WT1,P9WNF5,Q86WT1,Positive
P9WNF3~P68363,P9WNF3,P68363,Positive
P9WIN7~Q9UM22,P9WIN7,Q9UM22,Positive
P9WIN7~Q9C0D3,P9WIN7,Q9C0D3,Positive
P9WIM9~Q8N813,P9WIM9,Q8N813,Positive
P9WIM9~Q9BUF5,P9WIM9,Q9BUF5,Positive
P9WIM9~Q13509,P9WIM9,Q13509,Positive
P9WIM9~Q71U36,P9WIM9,Q71U36,Positive
P9WIM9~Q9BVA1,P9WIM9,Q9BVA1,Positive
P9WIM9~Q13885,P9WIM9,Q13885,Positive
P9WIM9~Q9BQE3,P9WIM9,Q9BQE3,Positive
P9WIM9~Q9NY65,P9WIM9,Q9NY65,Positive
P9WIM9~P68363,P9WIM9,P68363,Positive
P9WIM9~P04350,P9WIM9,P04350,Positive
P9WIM9~P07858,P9WIM9,P07858,Positive
P9WIM9~P68371,P9WIM9,P68371,Positive
P9WIM9~O15145,P9WIM9,O15145,Positive
P9WIM9~P49721,P9WIM9,P49721,Positive
P9WIM9~P50213,P9WIM9,P50213,Positive
P9WIM9~Q14289,P9WIM9,Q14289,Positive
P9WIH1~O00161,P9WIH1,O00161,Positive
P9WIH1~P29692,P9WIH1,P29692,Positive
P9WIH1~Q7L576,P9WIH1,Q7L576,Positive
P9WIH1~Q00610,P9WIH1,Q00610,Positive
P9WIH1~P26196,P9WIH1,P26196,Positive
P9WIH1~Q8WWM7,P9WIH1,Q8WWM7,Positive
P9WIH1~P12814,P9WIH1,P12814,Positive
P9WIH1~P04350,P9WIH1,P04350,Positive
P9WIH1~Q02790,P9WIH1,Q02790,Positive
I6X486~O60488,I6X486,O60488,Positive
I6X486~Q99536,I6X486,Q99536,Positive
I6X486~Q9NVJ2,I6X486,Q9NVJ2,Positive
I6X486~Q07812,I6X486,Q07812,Positive
I6X486~Q15738,I6X486,Q15738,Positive
I6X486~O60664,I6X486,O60664,Positive
I6X486~Q9Y6N5,I6X486,Q9Y6N5,Positive
I6X486~P08107,I6X486,P08107,Positive
I6X486~P04350,I6X486,P04350,Positive
I6X486~P68371,I6X486,P68371,Positive
I6X486~Q71U36,I6X486,Q71U36,Positive
I6X486~P07437,I6X486,P07437,Positive
I6X486~A6NIZ1,I6X486,A6NIZ1,Positive
I6X486~P16615,I6X486,P16615,Positive
I6X486~Q9NR99,I6X486,Q9NR99,Positive
I6X486~Q9UL25,I6X486,Q9UL25,Positive
P9WIG7~P63167,P9WIG7,P63167,Positive
P9WIG7~P49790,P9WIG7,P49790,Positive
P9WIG7~P11021,P9WIG7,P11021,Positive
P9WIG7~P38646,P9WIG7,P38646,Positive
P9WIG7~P54652,P9WIG7,P54652,Positive
P9WIG7~P17066,P9WIG7,P17066,Positive
P9WIG7~P34931,P9WIG7,P34931,Positive
P9WIG7~Q5GH72,P9WIG7,Q5GH72,Positive
L7N695~Q8WWM7,L7N695,Q8WWM7,Positive
L7N695~O60502,L7N695,O60502,Positive
L7N695~Q7Z5J4,L7N695,Q7Z5J4,Positive
P9WI39~P49755,P9WI39,P49755,Positive
P9WI39~Q13724,P9WI39,Q13724,Positive
P9WI39~Q9NQC3,P9WI39,Q9NQC3,Positive
P9WI39~O14950,P9WI39,O14950,Positive
P9WI39~P12814,P9WI39,P12814,Positive
P9WI39~P68371,P9WI39,P68371,Positive
P9WI39~P07437,P9WI39,P07437,Positive
P9WI39~Q8WWM7,P9WI39,Q8WWM7,Positive
P9WI39~P06702,P9WI39,P06702,Positive
P9WI39~P31151,P9WI39,P31151,Positive
P9WI39~P62318,P9WI39,P62318,Positive
P9WI39~Q7Z7H5,P9WI39,Q7Z7H5,Positive
Q79FE1~P60468,Q79FE1,P60468,Positive
Q79FE1~P69849,Q79FE1,P69849,Positive
L7N657~P63173,L7N657,P63173,Positive
L7N657~P62249,L7N657,P62249,Positive
L7N657~P62269,L7N657,P62269,Positive
L7N657~P62829,L7N657,P62829,Positive
L7N657~Q3ZCM7,L7N657,Q3ZCM7,Positive
L7N657~P23396,L7N657,P23396,Positive
L7N657~P04792,L7N657,P04792,Positive
L7N657~P07858,L7N657,P07858,Positive
L7N657~Q13509,L7N657,Q13509,Positive
L7N657~Q99867,L7N657,Q99867,Positive
L7N657~P04350,L7N657,P04350,Positive
L7N657~Q71U36,L7N657,Q71U36,Positive
L7N657~Q9NY65,L7N657,Q9NY65,Positive
L7N657~Q9BVA1,L7N657,Q9BVA1,Positive
L7N657~Q9BQE3,L7N657,Q9BQE3,Positive
L7N657~P17066,L7N657,P17066,Positive
L7N657~Q13885,L7N657,Q13885,Positive
L7N657~Q13748,L7N657,Q13748,Positive
L7N657~P11498,L7N657,P11498,Positive
L7N657~P07437,L7N657,P07437,Positive
L7N657~P68371,L7N657,P68371,Positive
L7N657~P68363,L7N657,P68363,Positive
L7N657~Q99942,L7N657,Q99942,Positive
I6YF08~P13995,I6YF08,P13995,Positive
O50430~P01111,O50430,P01111,Positive
O50430~Q32MZ4,O50430,Q32MZ4,Positive
O50430~Q15907,O50430,Q15907,Positive
O50430~P20339,O50430,P20339,Positive
O50430~P61224,O50430,P61224,Positive
O50430~P62879,O50430,P62879,Positive
O50430~Q13045,O50430,Q13045,Positive
O50430~P62491,O50430,P62491,Positive
O50430~P15153,O50430,P15153,Positive
O50430~P61019,O50430,P61019,Positive
O50430~P51148,O50430,P51148,Positive
O50430~P61020,O50430,P61020,Positive
O50430~Q96EA4,O50430,Q96EA4,Positive
O50430~Q9HAV0,O50430,Q9HAV0,Positive
P9WG67~Q16881,P9WG67,Q16881,Positive
O53161~Q16881,O53161,Q16881,Positive
P9WG67~P68363,P9WG67,P68363,Positive
O53161~P68363,O53161,P68363,Positive
P9WG67~Q04721,P9WG67,Q04721,Positive
O53161~Q04721,O53161,Q04721,Positive
P9WQN7~Q6P3W7,P9WQN7,Q6P3W7,Negative
P9WK61~Q9BQE3,P9WK61,Q9BQE3,Negative
P9WGU7~Q02978,P9WGU7,Q02978,Negative
P9WQP1~Q9BUJ2,P9WQP1,Q9BUJ2,Negative
O07416~O15269,O07416,O15269,Negative
O53846~Q9BUF5,O53846,Q9BUF5,Negative
P9WQP1~Q6P3W7,P9WQP1,Q6P3W7,Negative
P9WIR7~O14579,P9WIR7,O14579,Negative
O50430~Q14152,O50430,Q14152,Negative
P9WNJ7~P49790,P9WNJ7,P49790,Negative
P9WNF3~Q6ZS81,P9WNF3,Q6ZS81,Negative
I6X486~P55160,I6X486,P55160,Negative
P96264~Q7Z602,P96264,Q7Z602,Negative
P9WGU7~Q147U7,P9WGU7,Q147U7,Negative
O07416~P61020,O07416,P61020,Negative
O07417~P21817,O07417,P21817,Negative
I6X486~Q02790,I6X486,Q02790,Negative
L7N695~Q9NY65,L7N695,Q9NY65,Negative
I6YF08~Q9Y6W5,I6YF08,Q9Y6W5,Negative
P0DOA7~Q7Z3B4,P0DOA7,Q7Z3B4,Negative
P9WNF5~Q6UWF7,P9WNF5,Q6UWF7,Negative
O53161~Q5SSJ5,O53161,Q5SSJ5,Negative
L7N695~Q02790,L7N695,Q02790,Negative
P9WQN7~Q9Y6W5,P9WQN7,Q9Y6W5,Negative
P9WJB7~P62491,P9WJB7,P62491,Negative
P9WIP1~P10599,P9WIP1,P10599,Negative
O53161~Q8NCA5,O53161,Q8NCA5,Negative
P9WJD7~P32119,P9WJD7,P32119,Negative
P9WGU7~P13010,P9WGU7,P13010,Negative
P9WQP1~P43243,P9WQP1,P43243,Negative
O53161~Q99536,O53161,Q99536,Negative
P9WJD7~Q7Z5J4,P9WJD7,Q7Z5J4,Negative
P9WNF5~P69849,P9WNF5,P69849,Negative
I6YF08~O43809,I6YF08,O43809,Negative
P9WIP1~Q9BXW9,P9WIP1,Q9BXW9,Negative
P9WIP1~P62158,P9WIP1,P62158,Negative
O07417~Q9BUT9,O07417,Q9BUT9,Negative
O53161~P10599,O53161,P10599,Negative
L0T2W6~Q14376,L0T2W6,Q14376,Negative
P9WIP1~Q96DT6,P9WIP1,Q96DT6,Negative
P9WP41~Q92616,P9WP41,Q92616,Negative
O07417~Q5GH72,O07417,Q5GH72,Negative
L7N6B0~Q9NR99,L7N6B0,Q9NR99,Negative
P9WNJ1~Q16881,P9WNJ1,Q16881,Negative
P9WNF3~P08107,P9WNF3,P08107,Negative
O53850~Q9NR99,O53850,Q9NR99,Negative
P9WJB7~O95487,P9WJB7,O95487,Negative
P9WIG7~Q7Z7H5,P9WIG7,Q7Z7H5,Negative
P9WIP1~P61769,P9WIP1,P61769,Negative
O50430~P13010,O50430,P13010,Negative
P9WNJ3~Q9H7S9,P9WNJ3,Q9H7S9,Negative
P9WQP1~A8K2U0,P9WQP1,A8K2U0,Negative
P9WIR1~Q9H583,P9WIR1,Q9H583,Negative
P9WNF3~O95487,P9WNF3,O95487,Negative
I6X486~P0CAP2,I6X486,P0CAP2,Negative
P9WIP1~O15372,P9WIP1,O15372,Negative
P9WG65~P60468,P9WG65,P60468,Negative
P9WIP1~Q13724,P9WIP1,Q13724,Negative
P9WJD9~O60814,P9WJD9,O60814,Negative
L7N6B0~Q9H078,L7N6B0,Q9H078,Negative
O06347~Q9BUT9,O06347,Q9BUT9,Negative
I6YF08~O00410,I6YF08,O00410,Negative
P9WNJ3~Q9Y282,P9WNJ3,Q9Y282,Negative
O53780~Q02790,O53780,Q02790,Negative
O07416~Q7Z5J4,O07416,Q7Z5J4,Negative
P9WIN7~Q92835,P9WIN7,Q92835,Negative
P9WIH1~Q92835,P9WIH1,Q92835,Negative
P9WNJ5~O43809,P9WNJ5,O43809,Negative
P9WK61~Q16881,P9WK61,Q16881,Negative
O07414~P68104,O07414,P68104,Negative
P9WIM9~Q9Y6N5,P9WIM9,Q9Y6N5,Negative
P9WG67~P60228,P9WG67,P60228,Negative
L0T2W6~O75340,L0T2W6,O75340,Negative
P9WIM9~Q6UWF7,P9WIM9,Q6UWF7,Negative
O53161~Q86WT1,O53161,Q86WT1,Negative
P9WJD7~P38646,P9WJD7,P38646,Negative
I6YF08~O94829,I6YF08,O94829,Negative
P9WIR7~Q14693,P9WIR7,Q14693,Negative
P9WGU7~Q9UQ80,P9WGU7,Q9UQ80,Negative
O53780~P50336,O53780,P50336,Negative
P9WIG7~P22681,P9WIG7,P22681,Negative
P9WIR1~Q8NF64,P9WIR1,Q8NF64,Negative
O50430~Q9BVL2,O50430,Q9BVL2,Negative
P9WIG7~Q99867,P9WIG7,Q99867,Negative
P9WQP1~Q5VYK3,P9WQP1,Q5VYK3,Negative
O06347~P61204,O06347,P61204,Negative
P9WQP1~Q13509,P9WQP1,Q13509,Negative
P9WNF5~Q8NCA5,P9WNF5,Q8NCA5,Negative
P9WG67~P07900,P9WG67,P07900,Negative
O53846~P11142,O53846,P11142,Negative
L0T2W6~P84243,L0T2W6,P84243,Negative
O06347~Q7L2H7,O06347,Q7L2H7,Negative
L7N6B0~Q15637,L7N6B0,Q15637,Negative
Q79FE1~Q14152,Q79FE1,Q14152,Negative
P9WGU7~O43809,P9WGU7,O43809,Negative
L7N695~P05107,L7N695,P05107,Negative
L7N6B0~Q9H9C1,L7N6B0,Q9H9C1,Negative
P9WK63~Q92598,P9WK63,Q92598,Negative
O06347~Q8N0X7,O06347,Q8N0X7,Negative
L7N657~Q86Y56,L7N657,Q86Y56,Negative
O07416~Q9BUJ2,O07416,Q9BUJ2,Negative
P9WI39~O43809,P9WI39,O43809,Negative
O53780~Q9H0D6,O53780,Q9H0D6,Negative
P9WIR1~Q3ZCM7,P9WIR1,Q3ZCM7,Negative
O53846~P32119,O53846,P32119,Negative
O53846~Q96ER3,O53846,Q96ER3,Negative
L7N657~Q8N290,L7N657,Q8N290,Negative
O06347~P11586,O06347,P11586,Negative
P9WNJ7~Q96EP5,P9WNJ7,Q96EP5,Negative
L7N657~Q96HR8,L7N657,Q96HR8,Negative
O53161~Q7Z5J4,O53161,Q7Z5J4,Negative
O06347~A6NIZ1,O06347,A6NIZ1,Negative
L7N6B0~O60502,L7N6B0,O60502,Negative
P9WIR1~Q8NFD5,P9WIR1,Q8NFD5,Negative
P9WQN7~P62879,P9WQN7,P62879,Negative
P9WIR1~Q9UKB1,P9WIR1,Q9UKB1,Negative
P9WG65~Q9Y3I0,P9WG65,Q9Y3I0,Negative
I6YF08~O15145,I6YF08,O15145,Negative
P9WK61~P27708,P9WK61,P27708,Negative
P9WJD9~Q13748,P9WJD9,Q13748,Negative
P9WI39~Q7Z5J4,P9WI39,Q7Z5J4,Negative
P9WNF3~Q7KZF4,P9WNF3,Q7KZF4,Negative
P9WG65~P11586,P9WG65,P11586,Negative
P9WQP1~P62841,P9WQP1,P62841,Negative
P9WNF3~P0CAP2,P9WNF3,P0CAP2,Negative
P9WQN7~Q08117,P9WQN7,Q08117,Negative
P9WIG7~P55209,P9WIG7,P55209,Negative
P9WK61~Q7Z7H5,P9WK61,Q7Z7H5,Negative
P9WIP1~O60568,P9WIP1,O60568,Negative
O07414~Q9H7S9,O07414,Q9H7S9,Negative
O53161~O95429,O53161,O95429,Negative
P96264~P34931,P96264,P34931,Negative
P9WP41~P02765,P9WP41,P02765,Negative
P9WIN7~P23396,P9WIN7,P23396,Negative
P9WIR7~P04792,P9WIR7,P04792,Negative
P9WK63~P63167,P9WK63,P63167,Negative
P9WNJ3~Q15233,P9WNJ3,Q15233,Negative
P9WNF3~P21817,P9WNF3,P21817,Negative
P9WJD9~P52272,P9WJD9,P52272,Negative
I6YF08~P55160,I6YF08,P55160,Negative
P9WNI5~P62318,P9WNI5,P62318,Negative
P9WNJ1~Q00610,P9WNJ1,Q00610,Negative
P9WNJ3~Q02978,P9WNJ3,Q02978,Negative
P9WQP1~Q8WUM4,P9WQP1,Q8WUM4,Negative
P9WQP1~Q7L591,P9WQP1,Q7L591,Negative
O50430~P48741,O50430,P48741,Negative
P9WIG7~P50552,P9WIG7,P50552,Negative
P9WIN7~P49327,P9WIN7,P49327,Negative
P9WG67~O00165,P9WG67,O00165,Negative
P9WIR1~P04350,P9WIR1,P04350,Negative
O07416~Q9H773,O07416,Q9H773,Negative
O53850~P40424,O53850,P40424,Negative
P9WIN7~P32119,P9WIN7,P32119,Negative
P9WIP1~P49721,P9WIP1,P49721,Negative
O53846~Q7Z7H5,O53846,Q7Z7H5,Negative
P9WP41~Q8N290,P9WP41,Q8N290,Negative
Q79FE1~O43237,Q79FE1,O43237,Negative
O53161~P50336,O53161,P50336,Negative
P9WQP3~Q9H7E9,P9WQP3,Q9H7E9,Negative
P9WIG7~P10809,P9WIG7,P10809,Negative
L0T2W6~Q14152,L0T2W6,Q14152,Negative
P9WG65~Q53ET0,P9WG65,Q53ET0,Negative
P9WNI5~Q5SSJ5,P9WNI5,Q5SSJ5,Negative
O53161~P68104,O53161,P68104,Negative
P9WJD9~P54652,P9WJD9,P54652,Negative
L0T2W6~Q96M27,L0T2W6,Q96M27,Negative
P9WK61~Q9HAN9,P9WK61,Q9HAN9,Negative
P9WNF3~P55160,P9WNF3,P55160,Negative
O50430~Q71U36,O50430,Q71U36,Negative
P9WQP1~P62249,P9WQP1,P62249,Negative
P9WNJ3~P54652,P9WNJ3,P54652,Negative
P9WJD9~P06702,P9WJD9,P06702,Negative
P9WJD9~O14950,P9WJD9,O14950,Negative
P9WJB7~Q13724,P9WJB7,Q13724,Negative
P9WIN7~Q15907,P9WIN7,Q15907,Negative
P9WJD7~Q16543,P9WJD7,Q16543,Negative
P96264~Q9Y6Y8,P96264,Q9Y6Y8,Negative
P9WNJ7~Q9UKB1,P9WNJ7,Q9UKB1,Negative
I6YF08~Q71DI3,I6YF08,Q71DI3,Negative
O06347~Q96M27,O06347,Q96M27,Negative
P9WIG7~Q14376,P9WIG7,Q14376,Negative
P9WIH1~O60812,P9WIH1,O60812,Negative
L7N695~Q9H7E9,L7N695,Q9H7E9,Negative
P9WG67~Q03405,P9WG67,Q03405,Negative
P9WK63~P12235,P9WK63,P12235,Negative
P9WNJ1~Q7Z5J4,P9WNJ1,Q7Z5J4,Negative
P9WJB7~O94855,P9WJB7,O94855,Negative
P9WK61~P49327,P9WK61,P49327,Negative
P9WK61~Q13724,P9WK61,Q13724,Negative
P9WNF3~Q14376,P9WNF3,Q14376,Negative
P9WGU7~Q71UM5,P9WGU7,Q71UM5,Negative
P9WIR7~P31151,P9WIR7,P31151,Negative
P9WIR1~P50213,P9WIR1,P50213,Negative
Q79FE1~P26373,Q79FE1,P26373,Negative
P9WQP3~Q9BUT9,P9WQP3,Q9BUT9,Negative
P9WIM9~O15371,P9WIM9,O15371,Negative
P9WJD9~Q13148,P9WJD9,Q13148,Negative
P9WQP3~Q9NXR5,P9WQP3,Q9NXR5,Negative
P9WK61~Q8NBN7,P9WK61,Q8NBN7,Negative
O53780~Q99942,O53780,Q99942,Negative
P9WNI5~P27635,P9WNI5,P27635,Negative
I6X486~Q9UPW0,I6X486,Q9UPW0,Negative
P9WIH1~P63173,P9WIH1,P63173,Negative
O53161~P08238,O53161,P08238,Negative
P9WG67~O60832,P9WG67,O60832,Negative
P9WNJ1~Q86WT1,P9WNJ1,Q86WT1,Negative
P0DOA7~Q92616,P0DOA7,Q92616,Negative
I6YF08~P23246,I6YF08,P23246,Negative
O06347~Q13748,O06347,Q13748,Negative
P9WGU7~Q16543,P9WGU7,Q16543,Negative
P9WNJ5~O00165,P9WNJ5,O00165,Negative
P9WNF5~P49790,P9WNF5,P49790,Negative
P9WNI5~A6NL28,P9WNI5,A6NL28,Negative
P9WG67~A6NL28,P9WG67,A6NL28,Negative
P9WI39~P50402,P9WI39,P50402,Negative
P9WP41~P49790,P9WP41,P49790,Negative
P9WG67~Q99867,P9WG67,Q99867,Negative
L7N695~Q9NXV2,L7N695,Q9NXV2,Negative
P9WIN7~P22234,P9WIN7,P22234,Negative
P9WIM9~Q86Y56,P9WIM9,Q86Y56,Negative
P9WNI5~Q9BYJ9,P9WNI5,Q9BYJ9,Negative
O53780~O94829,O53780,O94829,Negative
P9WIP1~P13010,P9WIP1,P13010,Negative
P0DOA7~Q15643,P0DOA7,Q15643,Negative
L0T2W6~Q9UL25,L0T2W6,Q9UL25,Negative
I6YF08~Q7L2H7,I6YF08,Q7L2H7,Negative
L7N695~Q9UQ80,L7N695,Q9UQ80,Negative
P9WNJ7~Q58FF7,P9WNJ7,Q58FF7,Negative
O07416~Q07812,O07416,Q07812,Negative
P9WNJ5~Q9Y2X9,P9WNJ5,Q9Y2X9,Negative
O53846~Q9H3G5,O53846,Q9H3G5,Negative
P9WJD7~O75340,P9WJD7,O75340,Negative
P9WJD7~P28062,P9WJD7,P28062,Negative
P9WQP1~Q9NX24,P9WQP1,Q9NX24,Negative
P9WJD9~O75340,P9WJD9,O75340,Negative
P9WK63~P21291,P9WK63,P21291,Negative
P9WQN7~Q9H583,P9WQN7,Q9H583,Negative
Q79FE1~P15153,Q79FE1,P15153,Negative
O07414~Q15233,O07414,Q15233,Negative
P9WP41~P11498,P9WP41,P11498,Negative
P9WNJ3~A6NIZ1,P9WNJ3,A6NIZ1,Negative
O53161~Q15233,O53161,Q15233,Negative
P9WNJ3~Q9UBQ5,P9WNJ3,Q9UBQ5,Negative
P9WIP1~Q6ZS81,P9WIP1,Q6ZS81,Negative
O53846~P10809,O53846,P10809,Negative
P9WQP3~Q15738,P9WQP3,Q15738,Negative
P9WIP1~Q9UI08,P9WIP1,Q9UI08,Negative
O07414~A8K2U0,O07414,A8K2U0,Negative
Q79FE1~O60812,Q79FE1,O60812,Negative
P9WIM9~Q9H7E9,P9WIM9,Q9H7E9,Negative
O53850~Q71DI3,O53850,Q71DI3,Negative
O07416~P12235,O07416,P12235,Negative
O07416~P30876,O07416,P30876,Negative
P9WNJ7~O60664,P9WNJ7,O60664,Negative
P9WIG7~P61019,P9WIG7,P61019,Negative
P9WIN7~P26373,P9WIN7,P26373,Negative
O06347~P50552,O06347,P50552,Negative
P9WJD7~P62841,P9WJD7,P62841,Negative
O07417~Q9H4B7,O07417,Q9H4B7,Negative
P9WP41~P68366,P9WP41,P68366,Negative
O53850~P43243,O53850,P43243,Negative
P9WP41~Q99536,P9WP41,Q99536,Negative
P0DOA7~Q13724,P0DOA7,Q13724,Negative
P9WIR7~Q9BXW9,P9WIR7,Q9BXW9,Negative
P9WG65~P30876,P9WG65,P30876,Negative
P0DOA7~Q8WUM4,P0DOA7,Q8WUM4,Negative
L7N657~A6NIZ1,L7N657,A6NIZ1,Negative
P9WNF3~P61204,P9WNF3,P61204,Negative
P9WJB7~A6NIZ1,P9WJB7,A6NIZ1,Negative
P9WG67~Q9H4B7,P9WG67,Q9H4B7,Negative
I6YF08~Q7L576,I6YF08,Q7L576,Negative
I6X486~Q4VCS5,I6X486,Q4VCS5,Negative
P9WQP1~P49755,P9WQP1,P49755,Negative
P9WQP1~P55209,P9WQP1,P55209,Negative
P9WNJ7~Q16643,P9WNJ7,Q16643,Negative
I6YF08~Q9HAN9,I6YF08,Q9HAN9,Negative
O50430~Q8NCW5,O50430,Q8NCW5,Negative
P9WNJ3~O00161,P9WNJ3,O00161,Negative
P9WJD7~O43809,P9WJD7,O43809,Negative
P9WJD7~P55160,P9WJD7,P55160,Negative
O53846~O60488,O53846,O60488,Negative
P9WNF3~Q8WUM4,P9WNF3,Q8WUM4,Negative
P9WIG7~P07858,P9WIG7,P07858,Negative
L7N695~Q8NFD5,L7N695,Q8NFD5,Negative
P9WNJ3~O15269,P9WNJ3,O15269,Negative
P9WNJ3~P62249,P9WNJ3,P62249,Negative
P9WQP3~P60468,P9WQP3,P60468,Negative
P9WNF3~Q14289,P9WNF3,Q14289,Negative
P9WQN7~Q07812,P9WQN7,Q07812,Negative
P9WG67~O15027,P9WG67,O15027,Negative
P9WG67~Q9UM22,P9WG67,Q9UM22,Negative
L0T2W6~Q14289,L0T2W6,Q14289,Negative
I6YF08~Q16630,I6YF08,Q16630,Negative
P9WG65~Q4VCS5,P9WG65,Q4VCS5,Negative
P9WK63~Q9H3P7,P9WK63,Q9H3P7,Negative
P9WNF5~Q16881,P9WNF5,Q16881,Negative
P96264~P20339,P96264,P20339,Negative
P9WIH1~Q4VCS5,P9WIH1,Q4VCS5,Negative
O53161~Q15738,O53161,Q15738,Negative
Q79FE1~Q5GH72,Q79FE1,Q5GH72,Negative
P9WNJ7~Q9H9G7,P9WNJ7,Q9H9G7,Negative
I6YF08~Q15637,I6YF08,Q15637,Negative
O53780~Q96EA4,O53780,Q96EA4,Negative
L0T2W6~Q86WT1,L0T2W6,Q86WT1,Negative
Q79FE1~Q9H3S7,Q79FE1,Q9H3S7,Negative
O50430~Q15643,O50430,Q15643,Negative
P9WIR1~O14579,P9WIR1,O14579,Negative
P9WIR1~Q7KZF4,P9WIR1,Q7KZF4,Negative
P9WJB7~Q9H9C1,P9WJB7,Q9H9C1,Negative
P9WG67~O60502,P9WG67,O60502,Negative
P9WP41~O75533,P9WP41,O75533,Negative
P9WJB7~Q9BUF5,P9WJB7,Q9BUF5,Negative
P9WIH1~Q96HE7,P9WIH1,Q96HE7,Negative
P9WG67~P32119,P9WG67,P32119,Negative
P9WNF3~O75533,P9WNF3,O75533,Negative
O53850~Q15643,O53850,Q15643,Negative
I6X486~P13010,I6X486,P13010,Negative
P0DOA7~P31942,P0DOA7,P31942,Negative
O53780~Q8N684,O53780,Q8N684,Negative
L0T2W6~O60568,L0T2W6,O60568,Negative
L0T2W6~Q9H773,L0T2W6,Q9H773,Negative
Q79FE1~Q14534,Q79FE1,Q14534,Negative
P9WIR1~Q96EA4,P9WIR1,Q96EA4,Negative
P9WK63~O14950,P9WK63,O14950,Negative
P9WGU7~Q9UI08,P9WGU7,Q9UI08,Negative
P9WNJ7~O75182,P9WNJ7,O75182,Negative
L7N695~P07437,L7N695,P07437,Negative
P9WQP3~Q9H773,P9WQP3,Q9H773,Negative
O07416~P27708,O07416,P27708,Negative
O07417~Q15437,O07417,Q15437,Negative
L7N657~O94979,L7N657,O94979,Negative
P9WIH1~Q14534,P9WIH1,Q14534,Negative
O50430~Q10570,O50430,Q10570,Negative
P96264~P01111,P96264,P01111,Negative
P9WI39~Q9NVJ2,P9WI39,Q9NVJ2,Negative
P9WQP3~O75182,P9WQP3,O75182,Negative
P9WNF5~Q58FG0,P9WNF5,Q58FG0,Negative
P9WIP1~P08238,P9WIP1,P08238,Negative
O07416~P49327,O07416,P49327,Negative
O07414~P55160,O07414,P55160,Negative
O53850~Q6PEY2,O53850,Q6PEY2,Negative
P9WNJ5~Q66PJ3,P9WNJ5,Q66PJ3,Negative
P9WQN7~O60832,P9WQN7,O60832,Negative
O53780~Q96ER3,O53780,Q96ER3,Negative
O07416~Q13748,O07416,Q13748,Negative
P9WNI5~Q7L2H7,P9WNI5,Q7L2H7,Negative
P9WIP1~P35658,P9WIP1,P35658,Negative
P9WP41~P08107,P9WP41,P08107,Negative
P9WIH1~Q92504,P9WIH1,Q92504,Negative
P9WI39~P52434,P9WI39,P52434,Negative
P9WJD7~P13674,P9WJD7,P13674,Negative
P9WIH1~Q9Y6Y8,P9WIH1,Q9Y6Y8,Negative
P9WNI5~P49755,P9WNI5,P49755,Negative
P9WIP1~Q147U7,P9WIP1,Q147U7,Negative
P9WIG7~Q6ZS81,P9WIG7,Q6ZS81,Negative
O53850~O95429,O53850,O95429,Negative
P9WJD7~P55209,P9WJD7,P55209,Negative
I6X486~Q99613,I6X486,Q99613,Negative
P9WJB7~P61604,P9WJB7,P61604,Negative
O07416~P55160,O07416,P55160,Negative
P9WIM9~P25705,P9WIM9,P25705,Negative
P9WNI5~Q8N290,P9WNI5,Q8N290,Negative
P9WG67~O15269,P9WG67,O15269,Negative
O50430~O14579,O50430,O14579,Negative
P9WNF3~O60884,P9WNF3,O60884,Negative
P9WQP3~P25705,P9WQP3,P25705,Negative
P9WNJ1~Q8N684,P9WNJ1,Q8N684,Negative
L7N6B0~P50213,L7N6B0,P50213,Negative
L7N6B0~Q9BUJ2,L7N6B0,Q9BUJ2,Negative
L0T2W6~P23396,L0T2W6,P23396,Negative
P0DOA7~Q147U7,P0DOA7,Q147U7,Negative
Q79FE1~O15027,Q79FE1,O15027,Negative
P9WIH1~P04792,P9WIH1,P04792,Negative
P9WIG7~Q147U7,P9WIG7,Q147U7,Negative
P9WG67~Q86WT1,P9WG67,Q86WT1,Negative
P9WIR1~Q15436,P9WIR1,Q15436,Negative
P9WIR7~Q96HE7,P9WIR7,Q96HE7,Negative
P9WNJ3~P68104,P9WNJ3,P68104,Negative
P9WK61~Q12899,P9WK61,Q12899,Negative
P9WJD7~O94979,P9WJD7,O94979,Negative
O53846~Q5SSJ5,O53846,Q5SSJ5,Negative
P9WIR7~Q15907,P9WIR7,Q15907,Negative
P9WQP3~Q58FF7,P9WQP3,Q58FF7,Negative
P9WIM9~Q66PJ3,P9WIM9,Q66PJ3,Negative
P96264~Q9UKV8,P96264,Q9UKV8,Negative
P9WG65~O60884,P9WG65,O60884,Negative
P0DOA7~Q9BQE3,P0DOA7,Q9BQE3,Negative
I6X486~Q9UPQ9,I6X486,Q9UPQ9,Negative
L7N695~P52434,L7N695,P52434,Negative
O53161~O95466,O53161,O95466,Negative
O53780~Q7KZF4,O53780,Q7KZF4,Negative
L7N695~P13674,L7N695,P13674,Negative
P9WIN7~Q02790,P9WIN7,Q02790,Negative
P9WNF5~P68366,P9WNF5,P68366,Negative
P9WIH1~O14579,P9WIH1,O14579,Negative
O07414~P68366,O07414,P68366,Negative
P9WNJ3~Q8N290,P9WNJ3,Q8N290,Negative
P9WGU7~Q14289,P9WGU7,Q14289,Negative
P9WI39~P60468,P9WI39,P60468,Negative
P9WNJ1~P62491,P9WNJ1,P62491,Negative
O50430~Q7L2H7,O50430,Q7L2H7,Negative
Q79FE1~Q15437,Q79FE1,Q15437,Negative
O53780~O15269,O53780,O15269,Negative
Q79FE1~Q15233,Q79FE1,Q15233,Negative
P0DOA7~Q7Z7H5,P0DOA7,Q7Z7H5,Negative
P9WIP1~Q6UWF7,P9WIP1,Q6UWF7,Negative
O53161~P68366,O53161,P68366,Negative
P9WNF5~Q7L576,P9WNF5,Q7L576,Negative
P9WNI5~Q92499,P9WNI5,Q92499,Negative
P9WIG7~P68363,P9WIG7,P68363,Negative
P9WG65~Q9H3P7,P9WG65,Q9H3P7,Negative
P9WNF3~Q86Y56,P9WNF3,Q86Y56,Negative
I6X486~Q96HE7,I6X486,Q96HE7,Negative
P9WIN7~P21291,P9WIN7,P21291,Negative
P9WNJ7~Q16881,P9WNJ7,Q16881,Negative
O53161~Q9NXR5,O53161,Q9NXR5,Negative
P9WIN7~Q6PEY2,P9WIN7,Q6PEY2,Negative
P9WJD7~Q07812,P9WJD7,Q07812,Negative
P9WNJ5~P38646,P9WNJ5,P38646,Negative
O50430~O43237,O50430,O43237,Negative
P9WJD7~Q58FF7,P9WJD7,Q58FF7,Negative
P9WIN7~Q99613,P9WIN7,Q99613,Negative
P9WJD9~Q9Y3I0,P9WJD9,Q9Y3I0,Negative
P9WG65~Q8WXF1,P9WG65,Q8WXF1,Negative
P9WNJ1~O95977,P9WNJ1,O95977,Negative
P0DOA7~P27708,P0DOA7,P27708,Negative
P0DOA7~O94829,P0DOA7,O94829,Negative
P9WIN7~O15372,P9WIN7,O15372,Negative
P9WNF3~P08238,P9WNF3,P08238,Negative
L0T2W6~P27635,L0T2W6,P27635,Negative
P9WIG7~Q8N163,P9WIG7,Q8N163,Negative
P0DOA7~Q9HAN9,P0DOA7,Q9HAN9,Negative
P9WNF5~Q7Z739,P9WNF5,Q7Z739,Negative
L7N657~Q9H7S9,L7N657,Q9H7S9,Negative
P9WQN7~P52272,P9WQN7,P52272,Negative
P9WIG7~P21291,P9WIG7,P21291,Negative
I6YF08~O60814,I6YF08,O60814,Negative
P9WIM9~Q9H9C1,P9WIM9,Q9H9C1,Negative
P9WK61~O43175,P9WK61,O43175,Negative
P9WIR1~Q9Y6W5,P9WIR1,Q9Y6W5,Negative
P96264~Q7Z3B4,P96264,Q7Z3B4,Negative
P9WK63~Q9NPE3,P9WK63,Q9NPE3,Negative
P9WJD7~Q8N684,P9WJD7,Q8N684,Negative
L0T2W6~Q8NCA5,L0T2W6,Q8NCA5,Negative
P9WJD9~P11498,P9WJD9,P11498,Negative
P9WK61~P10809,P9WK61,P10809,Negative
P0DOA7~O60573,P0DOA7,O60573,Negative
P9WGU7~Q99613,P9WGU7,Q99613,Negative
I6YF08~P62829,I6YF08,P62829,Negative
O53846~Q7L576,O53846,Q7L576,Negative
P9WQN7~Q99567,P9WQN7,Q99567,Negative
O53161~Q58FG0,O53161,Q58FG0,Negative
O53161~Q8N290,O53161,Q8N290,Negative
P9WGU7~O95487,P9WGU7,O95487,Negative
P9WIN7~P34931,P9WIN7,P34931,Negative
O53780~O14950,O53780,O14950,Negative
O07416~P62879,O07416,P62879,Negative
L7N657~P62318,L7N657,P62318,Negative
O53161~Q14376,O53161,Q14376,Negative
O07414~Q16539,O07414,Q16539,Negative
O50430~O60573,O50430,O60573,Negative
P9WIP1~P60228,P9WIP1,P60228,Negative
P9WP41~Q02978,P9WP41,Q02978,Negative
O50430~P13995,O50430,P13995,Negative
O06347~Q6P3W7,O06347,Q6P3W7,Negative
O53780~Q9H7E9,O53780,Q9H7E9,Negative
Q79FE1~P62195,Q79FE1,P62195,Negative
P96264~Q00610,P96264,Q00610,Negative
O06347~O15371,O06347,O15371,Negative
O07417~P55060,O07417,P55060,Negative
O53780~Q969P6,O53780,Q969P6,Negative
P9WNI5~Q9NVJ2,P9WNI5,Q9NVJ2,Negative
P9WGU7~Q9C0D3,P9WGU7,Q9C0D3,Negative
P9WIR7~P61224,P9WIR7,P61224,Negative
P9WQN7~P04844,P9WQN7,P04844,Negative
P9WJD9~Q9H0X9,P9WJD9,Q9H0X9,Negative
Q79FE1~Q16630,Q79FE1,Q16630,Negative
P9WP41~P49327,P9WP41,P49327,Negative
O06347~P52434,O06347,P52434,Negative
O53846~P55060,O53846,P55060,Negative
P9WGU7~Q9UM22,P9WGU7,Q9UM22,Negative
O50430~Q9NU22,O50430,Q9NU22,Negative
P9WP41~Q9UI12,P9WP41,Q9UI12,Negative
P9WIN7~Q15032,P9WIN7,Q15032,Negative
P9WJD9~P07858,P9WJD9,P07858,Negative
O53846~Q9H583,O53846,Q9H583,Negative
P9WIP1~P23396,P9WIP1,P23396,Negative
P0DOA7~P60468,P0DOA7,P60468,Negative
L7N695~Q9H3G5,L7N695,Q9H3G5,Negative
P9WNJ5~P50570,P9WNJ5,P50570,Negative
O07416~P50570,O07416,P50570,Negative
L7N657~Q7Z7H5,L7N657,Q7Z7H5,Negative
L0T2W6~Q147U7,L0T2W6,Q147U7,Negative
P0DOA7~Q9UPQ9,P0DOA7,Q9UPQ9,Negative
P9WK61~P62249,P9WK61,P62249,Negative
P9WIM9~P12235,P9WIM9,P12235,Negative
P9WIG7~Q9H7S9,P9WIG7,Q9H7S9,Negative
P96264~P27708,P96264,P27708,Negative
P9WNJ7~P40424,P9WNJ7,P40424,Negative
P9WIN7~P0CAP2,P9WIN7,P0CAP2,Negative
P9WGU7~P08238,P9WGU7,P08238,Negative
P9WG65~P13284,P9WG65,P13284,Negative
P9WQN7~O75340,P9WQN7,O75340,Negative
O07416~Q7L591,O07416,Q7L591,Negative
I6X486~Q6UWF7,I6X486,Q6UWF7,Negative
O53850~P54652,O53850,P54652,Negative
P9WNF3~Q92945,P9WNF3,Q92945,Negative
P96264~Q15436,P96264,Q15436,Negative
P9WIN7~Q13509,P9WIN7,Q13509,Negative
L7N695~P17066,L7N695,P17066,Negative
P9WIP1~P50570,P9WIP1,P50570,Negative
P9WIP1~Q9UL25,P9WIP1,Q9UL25,Negative
I6X486~O95429,I6X486,O95429,Negative
P9WNF5~Q14693,P9WNF5,Q14693,Negative
L7N657~Q7Z5J4,L7N657,Q7Z5J4,Negative
L7N6B0~Q14693,L7N6B0,Q14693,Negative
P9WIH1~P21817,P9WIH1,P21817,Negative
P9WQN7~P27824,P9WQN7,P27824,Negative
P9WIR1~O15371,P9WIR1,O15371,Negative
I6X486~Q02978,I6X486,Q02978,Negative
P9WIM9~P69849,P9WIM9,P69849,Negative
P9WNF3~P62854,P9WNF3,P62854,Negative
P96264~Q6ZS81,P96264,Q6ZS81,Negative
L7N6B0~Q5GH72,L7N6B0,Q5GH72,Negative
O53780~Q14376,O53780,Q14376,Negative
O53161~Q92504,O53161,Q92504,Negative
P9WNF5~P21291,P9WNF5,P21291,Negative
P9WNF3~Q7Z3B4,P9WNF3,Q7Z3B4,Negative
O53780~P41250,O53780,P41250,Negative
I6X486~P17066,I6X486,P17066,Negative
P9WIR1~P61604,P9WIR1,P61604,Negative
P9WNI5~P10809,P9WNI5,P10809,Negative
P9WNF3~Q9H9G7,P9WNF3,Q9H9G7,Negative
P9WNJ3~P49755,P9WNJ3,P49755,Negative
P9WGU7~P63173,P9WGU7,P63173,Negative
P9WG67~P08238,P9WG67,P08238,Negative
P9WJD9~P05107,P9WJD9,P05107,Negative
P9WNF3~A6NJG2,P9WNF3,A6NJG2,Negative
P9WQP3~P51148,P9WQP3,P51148,Negative
P9WNJ1~P55160,P9WNJ1,P55160,Negative
L7N657~P0CAP2,L7N657,P0CAP2,Negative
I6YF08~Q8N163,I6YF08,Q8N163,Negative
P9WNF5~Q96EP5,P9WNF5,Q96EP5,Negative
P9WG65~Q9H0D6,P9WG65,Q9H0D6,Negative
I6X486~Q15637,I6X486,Q15637,Negative
O53780~Q16543,O53780,Q16543,Negative
I6YF08~P23284,I6YF08,P23284,Negative
P9WG67~O95429,P9WG67,O95429,Negative
I6X486~O15372,I6X486,O15372,Negative
P9WNF5~Q8NBN7,P9WNF5,Q8NBN7,Negative
P9WNJ1~P49327,P9WNJ1,P49327,Negative
P9WIR7~Q16881,P9WIR7,Q16881,Negative
P9WNJ1~Q14376,P9WNJ1,Q14376,Negative
L7N6B0~Q8N0X7,L7N6B0,Q8N0X7,Negative
L7N6B0~Q7Z5J4,L7N6B0,Q7Z5J4,Negative
P9WNJ1~P60228,P9WNJ1,P60228,Negative
P9WJD7~P13284,P9WJD7,P13284,Negative
P96264~P55160,P96264,P55160,Negative
P9WNJ1~P61020,P9WNJ1,P61020,Negative
